file,species
79e5ea8fa.png,Common
3a909ead8.png,Small-flowered
599691cd9.png,Cranesbill
5ca2687a4.png,Maize
3dd52bd2a.png,Cranesbill
1541bdb2e.png,Maize
39d569be4.png,Loose
3d65168c2.png,Chickweed
995c7ab1e.png,Loose
99569b224.png,Fat
8d6acbe9b.png,Common
aee6fa3df.png,Silky-bent
5b63dcc21.png,Chickweed
219fd68d5.png,Purse
69d1669f8.png,Charlock
82b5f4d33.png,Fat
35ebe165c.png,Black-grass
aad8375e0.png,Shepherds
1376f3b63.png,Loose
728eabae1.png,Charlock
0c51bf229.png,Maize
cf3a8b2fd.png,Silky-bent
60f0bc617.png,Small-flowered
4e18ab737.png,Cleavers
3fbd0fc6a.png,Chickweed
cf46d09c5.png,Chickweed
558aa7deb.png,Silky-bent
b03397525.png,Loose
1bf9b94a6.png,Scentless
2a667e099.png,Hen
5bd71f445.png,Chickweed
b39c71707.png,Maize
752101fdf.png,Cranesbill
1d0cbd819.png,Loose
3da774107.png,Fat
a276c65f7.png,Silky-bent
d2f422ccb.png,Common
466bb6d3b.png,Charlock
77ccb8b2a.png,Small-flowered
2f246d688.png,Small-flowered
65e97117e.png,Silky-bent
e5e3dccff.png,wheat
e80a259c5.png,Small-flowered
da5255450.png,Chickweed
ce3d280eb.png,Common
c7eb96871.png,Fat
fa9f3a8f9.png,Cleavers
3f92d8039.png,Loose
668c1007c.png,Charlock
fadc6adbc.png,Charlock
dcd7ff249.png,Loose
c1ecff98b.png,Loose
2a5064f19.png,wheat
59e1cea8d.png,Cleavers
8faadb6a8.png,Sugar
e783f5a4f.png,beet
71b232519.png,wheat
26e7ae885.png,Hen
29f49cd0b.png,Hen
ffc6f8527.png,wheat
71334c634.png,Maize
8db450ce3.png,Chickweed
b6a3f7876.png,Silky-bent
963544aa0.png,Loose
c5078bac5.png,Silky-bent
fa5fd1384.png,Shepherds
25cf6eb73.png,Maize
e84464f5a.png,Cleavers
c60e91e07.png,Silky-bent
b3d6fdb80.png,Chickweed
88ac6df54.png,Loose
205df1df3.png,Hen
d41d87796.png,Mayweed
31fcdc161.png,Maize
c6c8d4ba0.png,Silky-bent
d515398fd.png,Silky-bent
d84d37a61.png,Chickweed
fea3da57c.png,beet
7beb2766f.png,Mayweed
4e69d100a.png,Small-flowered
593896f83.png,Common
8874bba69.png,Silky-bent
2df78338c.png,Chickweed
a4b61a4ea.png,Silky-bent
97b2f0a10.png,Small-flowered
50de8a115.png,Charlock
54c8bb900.png,Charlock
377283a21.png,Maize
892e9d6c6.png,Mayweed
8c98a6e9b.png,Loose
e1809cef2.png,Silky-bent
599c82eea.png,Mayweed
54b3afd58.png,Cleavers
93d76fd5d.png,Small-flowered
7e9cf1c46.png,Fat
8e4eaeec0.png,Common
fd253a74e.png,Hen
b215531dd.png,Cleavers
897e5a8de.png,Cleavers
ae90f2827.png,Chickweed
f8318faf1.png,Mayweed
20817c846.png,Mayweed
060f1dc84.png,Small-flowered
f66ae4070.png,Maize
52a87abe5.png,Hen
fda0b5c38.png,Sugar
e98e5d1d5.png,Common
0086a6340.png,Common
90d119d25.png,Scentless
13b9fa92d.png,Sugar
80e299ae9.png,Cranesbill
66ab0e8d0.png,Charlock
1f290e016.png,Scentless
c10db7ae2.png,Charlock
976e4e079.png,Common
b30ab4659.png,Cleavers
6b721f68e.png,wheat
e88bf0db9.png,Cranesbill
3f64c2c1b.png,wheat
cc3d2a59a.png,Hen
24c94a6ca.png,beet
91e469b4a.png,Charlock
cc74feadc.png,Loose
46c14fde2.png,Silky-bent
8ca6140ca.png,Loose
47b7d8e17.png,Small-flowered
b29339405.png,Loose
caa2fbd79.png,Chickweed
bffc08672.png,Scentless
d09d24c58.png,Silky-bent
bdde957ec.png,Mayweed
e471f1d3a.png,Charlock
2ff5cb348.png,Sugar
148bbda66.png,Charlock
486e59179.png,Small-flowered
78750e0ff.png,Charlock
9a3f20121.png,Loose
e4d5ec761.png,Loose
93079d970.png,beet
f351ce097.png,Silky-bent
8916793ce.png,Shepherds
ce42adffb.png,Silky-bent
a74d475c2.png,Hen
3ebbe9ca4.png,Charlock
a890ac088.png,Charlock
c0461776c.png,Chickweed
f9b6bfb00.png,Cleavers
36d62bf36.png,wheat
b687160f5.png,Small-flowered
79d93bc96.png,Silky-bent
721b2c47a.png,Fat
96f14d90c.png,beet
c069fc3fa.png,Fat
a8c8a1db0.png,Shepherds
958bb9e96.png,Charlock
534e74d83.png,Maize
a2c89c367.png,Charlock
c8f50f0c3.png,wheat
d2fd9df40.png,Silky-bent
1821eb11a.png,Scentless
37297a64c.png,Common
eec1079a1.png,Charlock
73260a4ee.png,Fat
48231e475.png,Chickweed
ef74dbcad.png,Mayweed
bb1c84bbc.png,Loose
61b044411.png,Silky-bent
d8f4923f8.png,Chickweed
9baf94467.png,Hen
bb7621cb3.png,Hen
60fea2ef6.png,Sugar
c88ebfb47.png,Small-flowered
35cf9fa01.png,Small-flowered
03e322a29.png,Sugar
063363305.png,Small-flowered
59b2c6f2b.png,Chickweed
8c9953903.png,Hen
ef3e232ad.png,Chickweed
da713c465.png,wheat
f25996db8.png,Cranesbill
33317fc2a.png,Hen
4b032563b.png,Chickweed
5bdcfa329.png,Silky-bent
bd789d151.png,Hen
6c874918c.png,Silky-bent
a74bf916d.png,Cleavers
24dbc3b21.png,Sugar
f4e7733d4.png,Cranesbill
808578ed5.png,Charlock
0a64e3e6c.png,Silky-bent
1312065a5.png,Small-flowered
17529c555.png,Mayweed
b2706e2b3.png,wheat
9cce7328c.png,Loose
b145ba9d4.png,Mayweed
56112b92c.png,Chickweed
afa446484.png,Cranesbill
f4caf74f9.png,Charlock
653193c1a.png,wheat
7b52585da.png,Silky-bent
5eb9c26a6.png,Loose
0caeda5df.png,wheat
a55d26a4c.png,Common
9df3275da.png,Small-flowered
b828443ff.png,Maize
ef7a5651d.png,Silky-bent
dabea05f4.png,Loose
8e3ed0a25.png,Small-flowered
248436078.png,Charlock
d2f0f326e.png,Charlock
eaf0815e2.png,Small-flowered
6bce55e05.png,Cleavers
060450d79.png,Chickweed
39858776a.png,Cleavers
e0ec5b6a1.png,Sugar
75cb95e91.png,Charlock
115f93ecc.png,Silky-bent
5315c2dca.png,Silky-bent
92292055d.png,Common
4e9d3765f.png,Charlock
dfb1d9012.png,Silky-bent
4b155fb07.png,Maize
74068643d.png,Silky-bent
4c8005bbc.png,Silky-bent
4049a6ea6.png,Loose
22fbf13d6.png,Silky-bent
df11d56a7.png,beet
8170d33c1.png,Maize
7b21ba6ba.png,Fat
17d5e5ac4.png,Silky-bent
338c7e907.png,Charlock
20f983a71.png,Hen
76555b064.png,Silky-bent
3bbef3ecb.png,Silky-bent
7615e52d3.png,Cleavers
2b55a2da2.png,Charlock
0ad9e7dfb.png,beet
d01873fdd.png,Silky-bent
0d31e6602.png,Small-flowered
8f523520c.png,Chickweed
43ede9de9.png,Charlock
618de3d7a.png,Charlock
c26ccf73c.png,Hen
ef9676433.png,Charlock
615d2b0a9.png,Sugar
a3b375b34.png,Loose
60ee66ddd.png,Cleavers
87608f7aa.png,Charlock
e96e57a90.png,Chickweed
f1f7c833f.png,Shepherds
6be169e41.png,Fat
b47691c08.png,Mayweed
08d591441.png,Sugar
fc6f686fb.png,Sugar
e9d48d664.png,Chickweed
fef2ade8c.png,beet
dc55449b2.png,beet
abc331628.png,wheat
8455169fe.png,wheat
8104422bb.png,Common
223e4af09.png,Cleavers
592cc5b89.png,Silky-bent
a7bd7cadb.png,Hen
16467a950.png,Loose
63c07d340.png,Fat
a35fd6fbb.png,Common
d6d80a321.png,Scentless
c35efa095.png,Mayweed
12625488b.png,Hen
aaf4da98f.png,beet
2126dc71b.png,Common
e52493d0b.png,beet
ac3193f78.png,Chickweed
851c90831.png,Loose
36839d5e9.png,Silky-bent
d668409ff.png,Black-grass
406162ef9.png,Charlock
f23faf9c1.png,Silky-bent
b573b7a56.png,Silky-bent
beebe5f4e.png,Mayweed
1dc7c45df.png,Silky-bent
17a78fb44.png,wheat
0c45ace27.png,Chickweed
d5f7dd60a.png,Loose
a8da9c08d.png,Charlock
6d6eb3830.png,Shepherds
11d3f68ff.png,Silky-bent
6680836dd.png,beet
59c6a9f95.png,Hen
3efa1f66c.png,Silky-bent
abf8b0772.png,Scentless
f48916a8c.png,Scentless
a2b703e21.png,Small-flowered
16357b436.png,Loose
41e07778c.png,Cleavers
5779fe8b4.png,Fat
4a337a4a9.png,Hen
b130a0632.png,Cleavers
8e6ec1ca6.png,Small-flowered
fc3e58836.png,Cleavers
bf3924a57.png,Hen
2406d6c99.png,Cranesbill
dce2f6612.png,Common
3526b05cc.png,Mayweed
2f0004a7f.png,wheat
f0ffa00bd.png,Sugar
20ea96bcc.png,Fat
a19c3faca.png,Cleavers
6da892be6.png,Cranesbill
6edb96d45.png,Cleavers
eef131644.png,Silky-bent
02cfeb38d.png,Silky-bent
855955aaf.png,Small-flowered
22e79540f.png,Cleavers
bfab3e3d0.png,Sugar
8a4d3a1b1.png,Silky-bent
f4234cf4f.png,Fat
33448fe39.png,Silky-bent
e6f1211a2.png,beet
efe19dc32.png,Charlock
699d3c707.png,Sugar
e5064f6be.png,beet
03566743d.png,Hen
00d090cde.png,Silky-bent
122913909.png,Maize
0d117d910.png,Common
a85fc8c9a.png,Small-flowered
391dcd7fd.png,Silky-bent
f4021df6c.png,Hen
d0152bd7c.png,Hen
0c4199daa.png,Silky-bent
a1e0a6c02.png,Cleavers
a0b393945.png,Hen
6a47821f9.png,Silky-bent
7d3045fc3.png,beet
cfb18d262.png,Mayweed
6dd095129.png,Chickweed
fda39e16f.png,Silky-bent
da231c97f.png,Scentless
dd9f36df7.png,Small-flowered
c10ccbd82.png,Chickweed
44e8b8833.png,Cranesbill
6908fb540.png,Sugar
74fd477eb.png,Common
966ae5ad9.png,Silky-bent
31f3dd81f.png,Silky-bent
6db684fff.png,Mayweed
b31292706.png,Chickweed
c0f5d9ac8.png,Cranesbill
78c5fba1d.png,Sugar
bea23d9f8.png,Mayweed
780defa2e.png,Hen
e1abb4ff9.png,Sugar
0ee4ad224.png,Chickweed
fd87b36ae.png,Silky-bent
8a30b2de3.png,Sugar
521b27a17.png,Silky-bent
279df95f2.png,beet
c6b76307d.png,Cleavers
071cb3ece.png,beet
5a6bf96f6.png,Maize
239bdf640.png,Charlock
1364b297a.png,Cleavers
29ce426a1.png,Common
05341a8a6.png,Hen
9516e56c4.png,Silky-bent
24a058589.png,Charlock
e15472085.png,Chickweed
3b73c3b61.png,wheat
ba3ce6b3e.png,Scentless
da9ef7858.png,Charlock
a5db42f7d.png,Maize
c06e7c748.png,Silky-bent
8585f9718.png,Loose
7f31c7f42.png,Silky-bent
241e6935a.png,beet
3d38a87bc.png,Silky-bent
cb76a7766.png,Hen
4287d810c.png,Chickweed
98062cd87.png,Common
974959ec1.png,wheat
5ca0205f9.png,Charlock
4ac29bbf0.png,Chickweed
003d61042.png,Hen
647689543.png,Loose
74d810f87.png,Silky-bent
721be0a4a.png,Loose
0bf7bfb05.png,Loose
8ece6efec.png,Scentless
b944a49ca.png,Silky-bent
cae684f8f.png,Charlock
a3d0031fd.png,Silky-bent
2d5058a59.png,Chickweed
8311740de.png,Fat
f9f35cbd4.png,Sugar
65489944f.png,Small-flowered
67ce3eaa6.png,Cranesbill
7cabd68cc.png,Silky-bent
a38b8a581.png,Cranesbill
592473c83.png,Loose
756dd5070.png,Common
71f5323c5.png,Common
e7077322d.png,Scentless
165681fd9.png,Charlock
24d78df74.png,Common
2bd74d2da.png,Loose
5883b423d.png,Mayweed
e15fce4f2.png,Mayweed
5817b766d.png,Shepherds
8b9144917.png,Chickweed
42e7ed442.png,Small-flowered
7506c0c02.png,Mayweed
ad12382d4.png,Silky-bent
85431c075.png,Silky-bent
7fdb7202d.png,Silky-bent
126a71ce0.png,Charlock
7c85b0265.png,Silky-bent
c0d9e170b.png,Small-flowered
1d321253f.png,Fat
d09275360.png,Sugar
fba8fc78a.png,Loose
53e6e9000.png,wheat
b98327bf4.png,Mayweed
19fdf19fb.png,Common
2d992d1fb.png,Silky-bent
0f6cbe5e8.png,Maize
026716f9b.png,Silky-bent
fea1d13d6.png,Small-flowered
59f62ad1d.png,Silky-bent
664194d19.png,Cranesbill
808cf55c6.png,Shepherds
0021e90e4.png,Small-flowered
03a2ee656.png,Cranesbill
785a73ab8.png,Chickweed
8ab8a958b.png,Hen
9c8b08a24.png,Loose
b341d0aab.png,Chickweed
8e29abce1.png,Common
bb1d1bfd3.png,Cleavers
550a8b7e6.png,Small-flowered
754b1adf8.png,Small-flowered
59358cd44.png,Small-flowered
86c309150.png,beet
32a8c8a1d.png,Loose
71e73a8a0.png,beet
4bbfd1e05.png,Cleavers
b7192c70f.png,wheat
a8de7c1b7.png,Loose
65e262a6d.png,Charlock
98da6ef4e.png,Scentless
cb496f36e.png,Silky-bent
f593c9cf0.png,Sugar
f6d250856.png,Purse
c85ef220d.png,Common
1f3f44563.png,Maize
043449b0b.png,Sugar
acdb75e00.png,Loose
270b939cf.png,Common
38c054379.png,Common
55fed435f.png,Maize
506347cfe.png,Small-flowered
35a90f8d0.png,Scentless
5ee9d0a5b.png,Silky-bent
39c8fde99.png,Silky-bent
32b42c120.png,Small-flowered
c7b07431e.png,Mayweed
de0b79659.png,Hen
d0cdc768f.png,wheat
ace8761dd.png,Common
b026bf8ca.png,Silky-bent
502dff972.png,Small-flowered
cf90fc52d.png,Maize
aecfaed64.png,Chickweed
ab35453cb.png,Cleavers
f445fe6fb.png,Charlock
cd6adba97.png,Small-flowered
c7ae30f3a.png,Chickweed
3827436f3.png,Chickweed
48d97c645.png,Cranesbill
a006a475c.png,Chickweed
c2de6020a.png,Small-flowered
9aa5587fe.png,Loose
6982a9d30.png,Cranesbill
78b1bf91a.png,beet
32c86784b.png,Chickweed
0751c0bbc.png,beet
ef02b4ee7.png,Sugar
19618ad6a.png,Hen
a060c1cf8.png,Maize
d17f48d3b.png,Mayweed
8303b27ed.png,Loose
9fab816f2.png,Fat
1cfd91582.png,Charlock
24d36c52c.png,beet
f4ad9d950.png,Sugar
df7cb5f87.png,Common
0dba99002.png,beet
456d507c0.png,Cleavers
8cf2e3e6c.png,Common
d7017f701.png,Hen
5296835a0.png,Small-flowered
4bcdaa5e2.png,Cleavers
1d48b7564.png,Loose
1694a70e4.png,Mayweed
a9d2eab61.png,Common
780bd2a2c.png,Sugar
e5881dd33.png,Hen
cbe761896.png,Charlock
3f826b318.png,Common
20e562fd5.png,Sugar
e5368474f.png,Mayweed
64fe8beb9.png,Mayweed
98d819587.png,Purse
172f9b10b.png,Fat
37c3108d6.png,Small-flowered
589e643b8.png,Shepherds
9d79a1f0c.png,Small-flowered
856f2910a.png,Small-flowered
e82017baa.png,Silky-bent
b5c7fd009.png,Black-grass
f1e87cba7.png,Silky-bent
1191ba346.png,Cleavers
0625f063b.png,Chickweed
1623fb9e1.png,Fat
7f9e9565d.png,Mayweed
d563be369.png,Fat
bf66b9cd2.png,Maize
25fa8d109.png,wheat
a800caead.png,Sugar
25a4c427e.png,Loose
9326bda1b.png,Common
2e86f1085.png,Hen
2ea664465.png,Common
5b3beec58.png,Silky-bent
a0f37c726.png,Small-flowered
ec08a5d56.png,Small-flowered
4f83143e1.png,Maize
01291174f.png,Hen
d89db156f.png,Cranesbill
cd5f0db1c.png,Small-flowered
1b490196c.png,Shepherds
4c5ab9b68.png,Cleavers
e19ad6ac9.png,Charlock
1e095a7e1.png,Cranesbill
7a38416be.png,Charlock
6049234e6.png,Hen
52dc7a4d6.png,Chickweed
1be0713da.png,Cleavers
56a01b835.png,Small-flowered
604dd663f.png,Shepherds
1758a1baf.png,Chickweed
61dd2cdc5.png,Hen
3eebd36c6.png,Charlock
a544fc46d.png,Scentless
a93f940d6.png,Scentless
0ebf8f2f4.png,Maize
55251925f.png,Chickweed
67e185673.png,Cranesbill
6ba4ef411.png,Cleavers
55920f07f.png,Maize
1c52ea820.png,Fat
953496deb.png,Fat
d6d31dcbe.png,Mayweed
e9cd91682.png,Chickweed
9d3cb4745.png,wheat
b4c3df835.png,Hen
5a38ac566.png,Loose
1f5e5554e.png,Common
523e5505c.png,Common
675ec1b0b.png,Small-flowered
be341dbdc.png,Silky-bent
4ea7493d5.png,Fat
34dd57ca9.png,Loose
c75a82234.png,Loose
be2499cf4.png,Silky-bent
55a852f40.png,Common
6a41bf95b.png,Scentless
1c680883c.png,Silky-bent
5f04aed97.png,Small-flowered
187668bde.png,Mayweed
085974290.png,Mayweed
089ad62a7.png,Chickweed
ce15eee52.png,Charlock
5dcad9a53.png,Small-flowered
86f08e6d1.png,Fat
33748968f.png,Cleavers
f3fcfff1b.png,Cleavers
c64370a72.png,beet
c5e88cd42.png,Fat
0e8492cb1.png,beet
4bbf1f6ea.png,Cranesbill
cfd8165e9.png,Charlock
8a32d0bfa.png,Small-flowered
e478c452c.png,Sugar
d14aa43f3.png,Cranesbill
da4ed3a28.png,Charlock
6b9d6f8c9.png,Sugar
8cf909eb3.png,Charlock
c63da993b.png,beet
7d22abf91.png,Chickweed
af45e222a.png,Scentless
ff65bc002.png,Charlock
1459e96a0.png,Cleavers
03ef36742.png,Mayweed
827279bad.png,Loose
5af1d74ee.png,Fat
37714071b.png,Chickweed
d102e1a15.png,Cleavers
2d9c798f9.png,Cranesbill
23bc8ec4f.png,Chickweed
e901b0f28.png,Fat
a85b48a95.png,Mayweed
0c27cf05f.png,Common
1b6a6494d.png,Sugar
3fbf1a417.png,Cleavers
835dc5447.png,Small-flowered
8bc0261c9.png,Silky-bent
4392d93cf.png,Hen
edfdb4aeb.png,Scentless
e73e308be.png,Fat
c50335991.png,Hen
b7ad92859.png,Common
df521c0c0.png,Silky-bent
e14afa235.png,Silky-bent
fbf88b6be.png,Charlock
b3e08b037.png,Hen
87f627bf9.png,Chickweed
b1cd2a91e.png,Cleavers
f9ea23fb5.png,Hen
177d7e2a4.png,Chickweed
dabe3e5be.png,Cranesbill
3eda9cbb6.png,Silky-bent
d93c7ab6d.png,Loose
4c7838de4.png,Common
37e545a60.png,Common
bd72d4d8a.png,Silky-bent
0911d3dee.png,Chickweed
ef65533d5.png,Black-grass
76dbd1054.png,Silky-bent
90b595f12.png,Chickweed
659412b1a.png,Loose
86676d627.png,Common
8dbb8e1b9.png,Charlock
4f44ca525.png,Chickweed
bb20fce02.png,Scentless
862b8e7a0.png,Sugar
b62dca166.png,Hen
7691014a1.png,Charlock
f2dc546ca.png,Cleavers
3edf5e9ef.png,wheat
23e480e64.png,Shepherds
8b27bfd2b.png,Cranesbill
1fefb54b7.png,Hen
948cdb277.png,Cleavers
6df8e31ea.png,Charlock
1d56351b2.png,Chickweed
b7a7f6390.png,Hen
0ae6668fa.png,Silky-bent
79fba50db.png,Chickweed
b6f3d8b5d.png,Scentless
d3331e071.png,Fat
ab0f67743.png,Silky-bent
a2d25b4f3.png,Common
e721c6ac8.png,Silky-bent
65d08b894.png,Fat
410e6f702.png,Cranesbill
30ad31220.png,Charlock
7f46a71db.png,Sugar
14bb43eee.png,wheat
c4ed8ed38.png,Charlock
6edc76e7c.png,Hen
3abb502fb.png,Loose
0fb233ad6.png,Small-flowered
0885e7690.png,Scentless
2dd5cfba9.png,Small-flowered
d6c8c3c48.png,Small-flowered
8a8d6c712.png,Cleavers
5b3000b9a.png,Maize
a1da8be3c.png,Maize
fb022edf9.png,Hen
bebcaab66.png,Mayweed
fd925f542.png,Common
dc4cd56a3.png,Loose
4823c3ffa.png,Loose
ac75d3326.png,Loose
0c5f6c493.png,Silky-bent
590f5aea6.png,Charlock
a83820a2c.png,Sugar
711b46fba.png,Shepherds
41f1c3cdb.png,Hen
7696badea.png,Loose
539961189.png,Common
606647f64.png,Chickweed
e19673dc9.png,Charlock
99036c51d.png,Loose
8e2e5604e.png,Sugar
837ac0270.png,Scentless
47f9e5d91.png,Chickweed
8b043093d.png,Small-flowered
e1a0e3202.png,Silky-bent
800a8c17e.png,Fat
7d4cd07ad.png,Hen
79dafec17.png,Loose
29bab7cad.png,Chickweed
5bc6595f6.png,Maize
fe9e87b78.png,Mayweed
07e62f903.png,Maize
a8b431a3e.png,Sugar
97844bfd5.png,Shepherds
8301b0547.png,Charlock
c0bc3997b.png,Scentless
a169b71e7.png,Charlock
632156793.png,Cleavers
b4f7c9214.png,Silky-bent
429211ee6.png,Hen
e921021a8.png,Hen
444473900.png,Hen
490c4f9c8.png,Hen
9c0c5b731.png,Loose
288564c76.png,Sugar
04814f36d.png,Loose
1926e82fd.png,Loose
fdea6b119.png,Loose
adb7a032c.png,Silky-bent
2693e5c65.png,Maize
00c47e980.png,Sugar
d488a4fe1.png,wheat
d689256be.png,wheat
9643fc5f4.png,Charlock
8cfd98117.png,Mayweed
bb64660b7.png,Sugar
f85ed9b6d.png,Shepherds
866be78b0.png,Chickweed
cadab6616.png,Cleavers
5c3cd7ea2.png,Mayweed
53ceb4657.png,Chickweed
36ed4f215.png,Chickweed
3e9f41817.png,Silky-bent
007b3da8b.png,Sugar
a935ca110.png,Silky-bent
d9c50616e.png,beet
770a265f5.png,Cranesbill
cec5bf198.png,beet
3185294c8.png,Mayweed
3281183f9.png,Mayweed
e4a76885b.png,Maize
f33e9d918.png,Scentless
48ef6a2ff.png,wheat
969a851be.png,Scentless
9c777333d.png,Chickweed
26852751a.png,Charlock
9b9911f20.png,Mayweed
c74c5b7fc.png,Purse
9b4800b42.png,Charlock
cbba27d89.png,Maize
4e1190d78.png,wheat
3d67c434b.png,Fat
dd5ec63d9.png,beet
9c32a797e.png,Hen
5bbc0a255.png,Chickweed
c5e419015.png,Mayweed
824f5d4e5.png,Fat
96ecad7a1.png,Cranesbill
686dc7ec8.png,Common
809eb0b82.png,Small-flowered
19e58cc5e.png,Chickweed
e3f50adfc.png,Cleavers
afcf6abd5.png,Small-flowered
b0acaff4a.png,Black-grass
c7051c902.png,Chickweed
06d12f6fa.png,Shepherds
ede6b84b4.png,Cleavers
19b51843a.png,Hen
258b1183c.png,Cleavers
5e6a237f2.png,Sugar
e5297b675.png,Silky-bent
8d6991365.png,Common
099b961ec.png,Shepherds
a254d71f6.png,Loose
d350a25fa.png,Chickweed
116b136de.png,Sugar
39b740f7e.png,Loose
c832e4302.png,Fat
406ecb5c5.png,Charlock
fe29629fb.png,Silky-bent
16fd2e01a.png,Small-flowered
aa7d098d1.png,Chickweed
88d8a4508.png,Common
fea355851.png,Silky-bent
b9062c1c8.png,beet
446f7da01.png,Loose
a8388a37f.png,Hen
00ef713a8.png,Fat
0437393b1.png,Fat